model,accuracy,balanced_accuracy,precision,recall,f1,roc_auc,brier_score,log_loss,ece_10_bins,missing_rate
VEAI under missingness,0.9248987605841208,0.9273169502895322,0.8821167021025278,0.9706264621783207,0.9242574257425743,0.9743851796584295,0.055826256754873446,0.18328361790796058,0.011939037549593213,0.0
VEAI under missingness,0.8861209964412812,0.8854761878002833,0.8835742444152431,0.8739277358981025,0.8787245164662834,0.9659796369670824,0.0788420626936589,0.23957258907490822,0.04461618330242218,0.1
VEAI under missingness,0.8405939379064916,0.8367206866744081,0.8796185935637664,0.7673511827397973,0.819658475635152,0.9516114218702661,0.10877533165874446,0.31753752387016976,0.0736471702233637,0.2
VEAI under missingness,0.805006749294392,0.7981217168020339,0.8847989093387867,0.6748115414608786,0.7656687804158678,0.942196863598423,0.13184863511285566,0.3770348378074409,0.1063123980928201,0.30000000000000004
VEAI under missingness,0.7610749785249724,0.7512345470886224,0.8763866877971473,0.5749935014296854,0.6943964840684351,0.9292251613524615,0.15999284107032166,0.451638330141436,0.14433998999993666,0.4
VEAI under missingness,0.7235243588170328,0.7105697811102664,0.8817049808429118,0.47855471796204835,0.6203875315922494,0.9134297683705307,0.18682859376587346,0.5241873469130793,0.1747286276494331,0.5
