learner_state,P_performance,G_engagement,R_persistence,S_stability,D_disengagement,O_overload_proxy,E_equilibrium_norm,success,withdrawn
0,0.35143416602351657,0.6925382507783785,0.5627929202874842,0.8078226443964336,0.7261612496551435,0.06007181897283783,0.5111595452054801,0.697099014845417,0.0951559449766196
1,0.015321888604959304,0.3004753406421909,0.26967093540112397,0.9834381430197678,0.972529978066605,0.045026054913767904,0.19278831066328223,0.0028392958546280523,0.7548741245504448
