learner_state,Low,Moderate,High
0.0,0.008541853134607152,0.5801585139640165,0.4112996329013763
1.0,0.0,0.01977594667160448,0.9802240533283956
