condition,mean_equilibrium,std_equilibrium,mean_performance,mean_engagement,mean_persistence,mean_disengagement,mean_overload
Balanced supervised AI,0.3810380439542664,0.12424156240629573,0.3891291544503421,0.5884378956488219,0.549730974601062,0.7290663933372796,0.006844319039475044
Excessive AI dependence,0.31684986694687994,0.12480846996271397,0.3088280854477955,0.5582652256349747,0.4583039239438974,0.8286460860037088,0.10519428259852025
General-purpose AI,0.3303407193115462,0.12910219335474651,0.2973764819439757,0.5654392814138229,0.4877659154652416,0.7950297798725068,0.048545150923895386
No AI,0.31929358116395323,0.13584640811044818,0.24247327493633603,0.5654392814138229,0.4877659154652416,0.786031146161849,0.030757148591383333
